timestamp_s,latitude_deg,longitude_deg,altitude_m,battery_v,groundspeed_mps
0,-33.868800,151.209300,0.0,25.20,0.00
3,-33.868785,151.209288,3.6,25.17,0.75
6,-33.868770,151.209276,7.2,25.14,1.50
9,-33.868755,151.209264,10.8,25.11,2.25
12,-33.868740,151.209252,14.4,25.08,3.00
15,-33.868725,151.209240,18.0,25.05,3.75
18,-33.868710,151.209228,21.6,25.02,4.50
21,-33.868695,151.209216,24.0,24.99,5.00
24,-33.868680,151.209204,24.0,24.96,5.00
27,-33.868665,151.209192,24.0,24.93,5.00
30,-33.868650,151.209180,24.0,24.90,5.00
33,-33.868635,151.209168,24.0,24.87,5.00
36,-33.868620,151.209156,24.0,24.84,5.00
39,-33.868605,151.209144,24.0,24.81,5.00
42,-33.868590,151.209132,24.0,24.78,5.00
45,-33.868575,151.209120,24.0,24.75,5.00
48,-33.868560,151.209108,24.0,24.72,5.00
51,-33.868545,151.209096,24.0,24.69,5.00
54,-33.868530,151.209084,24.0,24.66,5.00
57,-33.868515,151.209072,24.0,24.63,5.00
60,-33.868500,151.209060,24.0,24.60,5.00
