timestamp_s,latitude_deg,longitude_deg,altitude_m,battery_v
0,-33.8688,151.2093,10.0,50.182
1,-33.868798,151.209302,10.33,50.209
2,-33.868796,151.209304,10.67,50.145
3,-33.868794,151.209306,11.0,50.174
4,-33.868792,151.209308,11.33,50.104
5,-33.86879,151.20931,11.66,50.09
6,-33.868788,151.209312,11.99,50.106
7,-33.868786,151.209314,12.31,50.059
8,-33.868784,151.209316,12.64,50.026
9,-33.868782,151.209318,12.96,50.057
10,-33.86878,151.20932,13.27,50.043
11,-33.868778,151.209322,13.59,50.028
12,-33.868776,151.209324,13.89,49.994
13,-33.868774,151.209326,14.2,49.994
14,-33.868772,151.209328,14.5,49.975
15,-33.86877,151.20933,14.79,49.935
16,-33.868768,151.209332,15.08,49.93
17,-33.868766,151.209334,15.37,49.867
18,-33.868764,151.209336,15.65,49.88
19,-33.868762,151.209338,15.92,49.873
20,-33.86876,151.20934,16.18,49.863
21,-33.868758,151.209342,16.44,49.828
22,-33.868756,151.209344,16.69,49.828
23,-33.868754,151.209346,16.94,49.798
24,-33.868752,151.209348,17.17,49.772
25,-33.86875,151.20935,17.4,49.746
26,-33.868748,151.209352,17.62,49.752
27,-33.868746,151.209354,17.83,49.722
28,-33.868744,151.209356,18.04,49.688
29,-33.868742,151.209358,18.23,49.658
30,-33.86874,151.20936,18.41,49.638
31,-33.868738,151.209362,18.59,49.661
32,-33.868736,151.209364,18.76,49.598
33,-33.868734,151.209366,18.91,49.631
34,-33.868732,151.209368,19.06,49.607
35,-33.86873,151.20937,19.19,49.561
36,-33.868728,151.209372,19.32,49.563
37,-33.868726,151.209374,19.44,49.544
38,-33.868724,151.209376,19.54,49.544
39,-33.868722,151.209378,19.64,49.498
40,-33.86872,151.20938,19.72,49.482
41,-33.868718,151.209382,19.79,49.481
42,-33.868716,151.209384,19.85,49.47
43,-33.868714,151.209386,19.91,49.428
44,-33.868712,151.209388,19.95,49.395
45,-33.86871,151.20939,19.97,49.368
46,-33.868708,151.209392,19.99,49.348
47,-33.868706,151.209394,20.0,49.382
48,-33.868704,151.209396,20.0,49.338
49,-33.868702,151.209398,19.98,49.315
50,-33.8687,151.2094,19.95,49.273
51,-33.868698,151.209402,19.92,49.286
52,-33.868696,151.209404,19.87,49.287
53,-33.868694,151.209406,19.81,49.263
54,-33.868692,151.209408,19.74,49.218
55,-33.86869,151.20941,19.66,49.235
56,-33.868688,151.209412,19.57,49.171
57,-33.868686,151.209414,19.46,49.178
58,-33.868684,151.209416,19.35,49.132
59,-33.868682,151.209418,19.23,49.143
60,-33.86868,151.20942,19.09,49.095
61,-33.868678,151.209422,18.95,49.083
62,-33.868676,151.209424,18.8,49.075
63,-33.868674,151.209426,18.63,49.052
64,-33.868672,151.209428,18.46,49.066
65,-33.86867,151.20943,18.28,49.013
66,-33.868668,151.209432,18.08,49.032
67,-33.868666,151.209434,17.88,49.009
68,-33.868664,151.209436,17.67,48.958
69,-33.868662,151.209438,17.46,48.954
70,-33.86866,151.20944,17.23,48.962
71,-33.868658,151.209442,17.0,48.893
72,-33.868656,151.209444,16.75,48.875
73,-33.868654,151.209446,16.51,48.869
74,-33.868652,151.209448,16.25,48.862
75,-33.86865,151.20945,15.98,48.827
76,-33.868648,151.209452,15.71,48.857
77,-33.868646,151.209454,15.44,48.806
78,-33.868644,151.209456,15.16,48.77
79,-33.868642,151.209458,14.87,48.766
80,-33.86864,151.20946,14.57,48.763
81,-33.868638,151.209462,14.27,48.713
82,-33.868636,151.209464,13.97,48.723
83,-33.868634,151.209466,13.66,48.71
84,-33.868632,151.209468,13.35,48.696
85,-33.86863,151.20947,13.03,48.671
86,-33.868628,151.209472,12.71,48.67
87,-33.868626,151.209474,12.39,48.638
88,-33.868624,151.209476,12.07,48.593
89,-33.868622,151.209478,11.74,48.624
90,-33.86862,151.20948,11.41,48.573
91,-33.868618,151.209482,11.08,48.56
92,-33.868616,151.209484,10.75,48.518
93,-33.868614,151.209486,10.42,48.549
94,-33.868612,151.209488,10.08,48.502
95,-33.86861,151.20949,9.75,48.501
96,-33.868608,151.209492,9.42,48.456
97,-33.868606,151.209494,9.08,48.431
98,-33.868604,151.209496,8.75,48.428
99,-33.868602,151.209498,8.42,48.423
100,-33.8686,151.2095,8.09,48.371
101,-33.868598,151.209502,7.77,48.352
102,-33.868596,151.209504,7.44,48.343
103,-33.868594,151.209506,7.12,48.353
104,-33.868592,151.209508,6.81,48.336
105,-33.86859,151.20951,6.49,48.322
106,-33.868588,151.209512,6.18,48.275
107,-33.868586,151.209514,5.88,48.283
108,-33.868584,151.209516,5.57,48.282
109,-33.868582,151.209518,5.28,48.251
110,-33.86858,151.20952,4.99,48.231
111,-33.868578,151.209522,4.7,48.173
112,-33.868576,151.209524,4.42,48.183
113,-33.868574,151.209526,4.15,48.188
114,-33.868572,151.209528,3.88,48.159
115,-33.86857,151.20953,3.62,48.153
116,-33.868568,151.209532,3.37,48.109
117,-33.868566,151.209534,3.12,48.121
118,-33.868564,151.209536,2.88,48.059
119,-33.868562,151.209538,2.65,48.053
120,-33.86856,151.20954,2.43,48.055
121,-33.868558,151.209542,2.22,48.013
122,-33.868556,151.209544,2.01,47.994
123,-33.868554,151.209546,1.82,47.962
124,-33.868552,151.209548,1.63,47.947
125,-33.86855,151.20955,1.45,47.951
126,-33.868548,151.209552,1.28,47.907
127,-33.868546,151.209554,1.13,47.893
128,-33.868544,151.209556,0.98,47.907
129,-33.868542,151.209558,0.84,47.872
130,-33.86854,151.20956,0.71,47.837
131,-33.868538,151.209562,0.59,47.84
132,-33.868536,151.209564,0.48,47.853
133,-33.868534,151.209566,0.39,47.795
134,-33.868532,151.209568,0.3,47.803
135,-33.86853,151.20957,0.22,47.748
136,-33.868528,151.209572,0.16,47.732
137,-33.868526,151.209574,0.11,47.721
138,-33.868524,151.209576,0.06,47.711
139,-33.868522,151.209578,0.03,47.708
140,-33.86852,151.20958,0.01,47.659
141,-33.868518,151.209582,0.0,47.672
142,-33.868516,151.209584,0.0,47.671
143,-33.868514,151.209586,0.01,47.622
144,-33.868512,151.209588,0.04,47.62
145,-33.86851,151.20959,0.07,47.566
146,-33.868508,151.209592,0.12,47.574
147,-33.868506,151.209594,0.18,47.547
148,-33.868504,151.209596,0.24,47.525
149,-33.868502,151.209598,0.32,47.533
150,-33.8685,151.2096,0.41,47.52
151,-33.868498,151.209602,0.51,47.488
152,-33.868496,151.209604,0.62,47.493
153,-33.868494,151.209606,0.74,47.455
154,-33.868492,151.209608,0.87,47.446
155,-33.86849,151.20961,1.01,47.413
156,-33.868488,151.209612,1.17,47.371
157,-33.868486,151.209614,1.33,47.393
158,-33.868484,151.209616,1.5,47.37
159,-33.868482,151.209618,1.68,47.362
160,-33.86848,151.20962,1.87,47.301
161,-33.868478,151.209622,2.07,47.324
162,-33.868476,151.209624,2.27,47.259
163,-33.868474,151.209626,2.49,47.286
164,-33.868472,151.209628,2.71,47.225
165,-33.86847,151.20963,2.94,47.208
166,-33.868468,151.209632,3.18,47.229
167,-33.868466,151.209634,3.43,47.175
168,-33.868464,151.209636,3.69,47.164
169,-33.868462,151.209638,3.95,47.171
170,-33.86846,151.20964,4.22,47.136
171,-33.868458,151.209642,4.49,47.134
172,-33.868456,151.209644,4.77,47.13
173,-33.868454,151.209646,5.06,47.059
174,-33.868452,151.209648,5.35,47.041
175,-33.86845,151.20965,5.65,47.037
176,-33.868448,151.209652,5.95,47.05
177,-33.868446,151.209654,6.26,46.984
178,-33.868444,151.209656,6.57,46.972
179,-33.868442,151.209658,6.89,46.977
